{"code":"/**\n * Converts a camelCase string to snake_case.\n *\n * @param str - The camelCase string to convert.\n * @returns The snake_case representation of the input string.\n */\nfunction camelToSnake(str) {\n    return str.replace(/[A-Z]/g, function (letter) { return \"_\".concat(letter.toLowerCase()); });\n}\nexport default camelToSnake;\n","references":[],"dtsmap":{"name":"/Users/alxgb/Code/tsui-kit/node_modules/.cache/rollup-plugin-typescript2/placeholder/utils/camelToSnake.d.ts.map","writeByteOrderMark":false,"text":"{\"version\":3,\"file\":\"camelToSnake.d.ts\",\"sourceRoot\":\"\",\"sources\":[\"../../../../../src/utils/camelToSnake.ts\"],\"names\":[],\"mappings\":\"AAAA;;;;;GAKG;AACH,iBAAS,YAAY,CAAC,GAAG,EAAE,MAAM,GAAG,MAAM,CAEzC;AAED,eAAe,YAAY,CAAC\"}"},"dts":{"name":"/Users/alxgb/Code/tsui-kit/node_modules/.cache/rollup-plugin-typescript2/placeholder/utils/camelToSnake.d.ts","writeByteOrderMark":false,"text":"/**\n * Converts a camelCase string to snake_case.\n *\n * @param str - The camelCase string to convert.\n * @returns The snake_case representation of the input string.\n */\ndeclare function camelToSnake(str: string): string;\nexport default camelToSnake;\n//# sourceMappingURL=camelToSnake.d.ts.map"}}
