{"code":"/**\n * Converts a snake_case string to camelCase.\n *\n * @param str - The snake_case string to convert.\n * @returns The camelCase version of the input string.\n */\nfunction snakeToCamel(str) {\n    return str.replace(/([-_][a-z])/g, function (group) {\n        return group.toUpperCase().replace(\"-\", \"\").replace(\"_\", \"\");\n    });\n}\nexport default snakeToCamel;\n","references":[],"dtsmap":{"name":"/Users/alxgb/Code/tsui-kit/node_modules/.cache/rollup-plugin-typescript2/placeholder/utils/snakeToCamel.d.ts.map","writeByteOrderMark":false,"text":"{\"version\":3,\"file\":\"snakeToCamel.d.ts\",\"sourceRoot\":\"\",\"sources\":[\"../../../../../src/utils/snakeToCamel.ts\"],\"names\":[],\"mappings\":\"AAAA;;;;;GAKG;AACH,iBAAS,YAAY,CAAC,GAAG,EAAE,MAAM,GAAG,MAAM,CAIzC;AAED,eAAe,YAAY,CAAC\"}"},"dts":{"name":"/Users/alxgb/Code/tsui-kit/node_modules/.cache/rollup-plugin-typescript2/placeholder/utils/snakeToCamel.d.ts","writeByteOrderMark":false,"text":"/**\n * Converts a snake_case string to camelCase.\n *\n * @param str - The snake_case string to convert.\n * @returns The camelCase version of the input string.\n */\ndeclare function snakeToCamel(str: string): string;\nexport default snakeToCamel;\n//# sourceMappingURL=snakeToCamel.d.ts.map"}}
